ZIP,State,County,Date Sent,Assigned List,Assigned Agency,Report Month,Estimated Population,Estimated Lead Volume
36695,AL,Mobile Zip Market,2026-06-18,List A,SPEED DIALS,2026-06,204.0,204.0
35405,AL,Tuscaloosa Zip Market,2026-06-18,List A,SPEED DIALS,2026-06,140.0,140.0
35810,AL,Huntsville Zip Market,2026-06-18,List A,SPEED DIALS,2026-06,126.0,126.0
36330,AL,Enterprise Zip Market,2026-06-18,List A,SPEED DIALS,2026-06,209.0,209.0
36301,AL,Dothan Zip Market,2026-06-18,List A,SPEED DIALS,2026-06,153.0,153.0
35749,AL,Harvest Zip Market,2026-06-18,List A,SPEED DIALS,2026-06,255.0,255.0
35022,AL,Bessemer Zip Market,2026-06-18,List A,SPEED DIALS,2026-06,119.0,119.0
36116,AL,Montgomery Zip Market,2026-06-18,List A,SPEED DIALS,2026-06,127.0,127.0
35055,AL,Cullman Zip Market,2026-06-18,List A,SPEED DIALS,2026-06,127.0,127.0
36608,AL,Mobile Zip Market,2026-06-18,List A,SPEED DIALS,2026-06,141.0,141.0
35763,AL,Owens Cross Roads Zip Market,2026-06-18,List A,SPEED DIALS,2026-06,122.0,122.0
35244,AL,Birmingham Zip Market,2026-06-18,List A,SPEED DIALS,2026-06,179.0,179.0
35761,AL,New Market Zip Market,2026-06-18,List A,SPEED DIALS,2026-06,122.0,122.0
35756,AL,Madison Zip Market,2026-06-18,List A,SPEED DIALS,2026-06,287.0,287.0
35242,AL,Birmingham Zip Market,2026-06-18,List A,SPEED DIALS,2026-06,178.0,178.0
36575,AL,Semmes Zip Market,2026-06-18,List A,SPEED DIALS,2026-06,54.0,54.0
35007,AL,Alabaster Zip Market,2026-06-18,List A,SPEED DIALS,2026-06,78.0,78.0
36582,AL,Theodore Zip Market,2026-06-18,List A,SPEED DIALS,2026-06,70.0,70.0
36092,AL,Wetumpka Zip Market,2026-06-18,List A,SPEED DIALS,2026-06,55.0,55.0
36867,AL,Phenix City Zip Market,2026-06-18,List A,SPEED DIALS,2026-06,59.0,59.0
35773,AL,Toney Zip Market,2026-06-18,List A,SPEED DIALS,2026-06,86.0,86.0
36303,AL,Dothan Zip Market,2026-06-18,List A,SPEED DIALS,2026-06,98.0,98.0
36870,AL,Phenix City Zip Market,2026-06-18,List A,SPEED DIALS,2026-06,55.0,55.0
35613,AL,Athens Zip Market,2026-06-18,List A,SPEED DIALS,2026-06,310.0,310.0
36527,AL,Daphne Zip Market,2026-06-18,List A,SPEED DIALS,2026-06,130.0,130.0
35111,AL,Mc Calla Zip Market,2026-06-18,List A,SPEED DIALS,2026-06,95.0,95.0
36067,AL,Prattville Zip Market,2026-06-18,List A,SPEED DIALS,2026-06,48.0,48.0
35226,AL,Birmingham Zip Market,2026-06-18,List A,SPEED DIALS,2026-06,104.0,104.0
35601,AL,Decatur Zip Market,2026-06-18,List A,SPEED DIALS,2026-06,121.0,121.0
35096,AL,Lincoln Zip Market,2026-06-18,List A,SPEED DIALS,2026-06,45.0,45.0
35214,AL,Birmingham Zip Market,2026-06-18,List A,SPEED DIALS,2026-06,47.0,47.0
35674,AL,Tuscumbia Zip Market,2026-06-18,List A,SPEED DIALS,2026-06,96.0,96.0
35071,AL,Gardendale Zip Market,2026-06-18,List A,SPEED DIALS,2026-06,50.0,50.0
36066,AL,Prattville Zip Market,2026-06-18,List A,SPEED DIALS,2026-06,40.0,40.0
35404,AL,Tuscaloosa Zip Market,2026-06-18,List A,SPEED DIALS,2026-06,76.0,76.0
35803,AL,Huntsville Zip Market,2026-06-18,List A,SPEED DIALS,2026-06,144.0,144.0
35206,AL,Birmingham Zip Market,2026-06-18,List A,SPEED DIALS,2026-06,78.0,78.0
36064,AL,Pike Road Zip Market,2026-06-18,List A,SPEED DIALS,2026-06,90.0,90.0
36856,AL,Fort Mitchell Zip Market,2026-06-18,List A,SPEED DIALS,2026-06,33.0,33.0
36111,AL,Montgomery Zip Market,2026-06-18,List A,SPEED DIALS,2026-06,66.0,66.0
35209,AL,Birmingham Zip Market,2026-06-18,List A,SPEED DIALS,2026-06,51.0,51.0
35210,AL,Birmingham Zip Market,2026-06-18,List A,SPEED DIALS,2026-06,39.0,39.0
36203,AL,Oxford Zip Market,2026-06-18,List A,SPEED DIALS,2026-06,45.0,45.0
35806,AL,Huntsville Zip Market,2026-06-18,List A,SPEED DIALS,2026-06,113.0,113.0
35077,AL,Hanceville Zip Market,2026-06-18,List A,SPEED DIALS,2026-06,62.0,62.0
36611,AL,Mobile Zip Market,2026-06-18,List A,SPEED DIALS,2026-06,21.0,21.0
35228,AL,Birmingham Zip Market,2026-06-18,List A,SPEED DIALS,2026-06,51.0,51.0
36605,AL,Mobile Zip Market,2026-06-18,List A,SPEED DIALS,2026-06,49.0,49.0
36054,AL,Millbrook Zip Market,2026-06-18,List A,SPEED DIALS,2026-06,21.0,21.0
36305,AL,Dothan Zip Market,2026-06-18,List A,SPEED DIALS,2026-06,53.0,53.0
35005,AL,Adamsville Zip Market,2026-06-18,List A,SPEED DIALS,2026-06,25.0,25.0
36541,AL,Grand Bay Zip Market,2026-06-18,List A,SPEED DIALS,2026-06,42.0,42.0
35205,AL,Birmingham Zip Market,2026-06-18,List A,SPEED DIALS,2026-06,87.0,87.0
35085,AL,Jemison Zip Market,2026-06-18,List A,SPEED DIALS,2026-06,22.0,22.0
35146,AL,Springville Zip Market,2026-06-18,List A,SPEED DIALS,2026-06,70.0,70.0
35473,AL,Northport Zip Market,2026-06-18,List A,SPEED DIALS,2026-06,49.0,49.0
36804,AL,Opelika Zip Market,2026-06-18,List A,SPEED DIALS,2026-06,87.0,87.0
35905,AL,Gadsden Zip Market,2026-06-18,List A,SPEED DIALS,2026-06,28.0,28.0
35051,AL,Columbiana Zip Market,2026-06-18,List A,SPEED DIALS,2026-06,38.0,38.0
35401,AL,Tuscaloosa Zip Market,2026-06-18,List A,SPEED DIALS,2026-06,159.0,159.0
36265,AL,Jacksonville Zip Market,2026-06-18,List A,SPEED DIALS,2026-06,28.0,28.0
36542,AL,Gulf Shores Zip Market,2026-06-18,List A,SPEED DIALS,2026-06,859.0,859.0
35474,AL,Moundville Zip Market,2026-06-18,List A,SPEED DIALS,2026-06,22.0,22.0
35954,AL,Attalla Zip Market,2026-06-18,List A,SPEED DIALS,2026-06,27.0,27.0
35212,AL,Birmingham Zip Market,2026-06-18,List A,SPEED DIALS,2026-06,55.0,55.0
35546,AL,Berry Zip Market,2026-06-18,List A,SPEED DIALS,2026-06,19.0,19.0
36877,AL,Smiths Station Zip Market,2026-06-18,List A,SPEED DIALS,2026-06,52.0,52.0
35020,AL,Bessemer Zip Market,2026-06-18,List A,SPEED DIALS,2026-06,68.0,68.0
35490,AL,Vance Zip Market,2026-06-18,List A,SPEED DIALS,2026-06,18.0,18.0
36549,AL,Lillian Zip Market,2026-06-18,List A,SPEED DIALS,2026-06,46.0,46.0
35570,AL,Hamilton Zip Market,2026-06-18,List A,SPEED DIALS,2026-06,32.0,32.0
35660,AL,Sheffield Zip Market,2026-06-18,List A,SPEED DIALS,2026-06,41.0,41.0
35901,AL,Gadsden Zip Market,2026-06-18,List A,SPEED DIALS,2026-06,68.0,68.0
35045,AL,Clanton Zip Market,2026-06-18,List A,SPEED DIALS,2026-06,64.0,64.0
35079,AL,Hayden Zip Market,2026-06-18,List A,SPEED DIALS,2026-06,24.0,24.0
35805,AL,Huntsville Zip Market,2026-06-18,List A,SPEED DIALS,2026-06,59.0,59.0
36322,AL,Daleville Zip Market,2026-06-18,List A,SPEED DIALS,2026-06,17.0,17.0
35044,AL,Childersburg Zip Market,2026-06-18,List A,SPEED DIALS,2026-06,24.0,24.0
36272,AL,Piedmont Zip Market,2026-06-18,List A,SPEED DIALS,2026-06,34.0,34.0
36426,AL,Brewton Zip Market,2026-06-18,List A,SPEED DIALS,2026-06,35.0,35.0
35204,AL,Birmingham Zip Market,2026-06-18,List A,SPEED DIALS,2026-06,34.0,34.0
36617,AL,Mobile Zip Market,2026-06-18,List A,SPEED DIALS,2026-06,14.0,14.0
36277,AL,Weaver Zip Market,2026-06-18,List A,SPEED DIALS,2026-06,14.0,14.0
35127,AL,Pleasant Grove Zip Market,2026-06-18,List A,SPEED DIALS,2026-06,28.0,28.0
35224,AL,Birmingham Zip Market,2026-06-18,List A,SPEED DIALS,2026-06,22.0,22.0
35962,AL,Crossville Zip Market,2026-06-18,List A,SPEED DIALS,2026-06,19.0,19.0
35121,AL,Oneonta Zip Market,2026-06-18,List A,SPEED DIALS,2026-06,39.0,39.0
36345,AL,Headland Zip Market,2026-06-18,List A,SPEED DIALS,2026-06,51.0,51.0
35816,AL,Huntsville Zip Market,2026-06-18,List A,SPEED DIALS,2026-06,34.0,34.0
35957,AL,Boaz Zip Market,2026-06-18,List A,SPEED DIALS,2026-06,45.0,45.0
35907,AL,Gadsden Zip Market,2026-06-18,List A,SPEED DIALS,2026-06,35.0,35.0
36832,AL,Auburn Zip Market,2026-06-18,List A,SPEED DIALS,2026-06,145.0,145.0
35222,AL,Birmingham Zip Market,2026-06-18,List A,SPEED DIALS,2026-06,40.0,40.0
36580,AL,Summerdale Zip Market,2026-06-18,List A,SPEED DIALS,2026-06,37.0,37.0
36874,AL,Salem Zip Market,2026-06-18,List A,SPEED DIALS,2026-06,54.0,54.0
35650,AL,Moulton Zip Market,2026-06-18,List A,SPEED DIALS,2026-06,31.0,31.0
35218,AL,Birmingham Zip Market,2026-06-18,List A,SPEED DIALS,2026-06,28.0,28.0
36853,AL,Dadeville Zip Market,2026-06-18,List A,SPEED DIALS,2026-06,174.0,174.0
35582,AL,Red Bay Zip Market,2026-06-18,List A,SPEED DIALS,2026-06,12.0,12.0
36264,AL,Heflin Zip Market,2026-06-18,List A,SPEED DIALS,2026-06,27.0,27.0
36863,AL,Lanett Zip Market,2026-06-18,List A,SPEED DIALS,2026-06,35.0,35.0
36572,AL,Satsuma Zip Market,2026-06-18,List A,SPEED DIALS,2026-06,12.0,12.0
35748,AL,Gurley Zip Market,2026-06-18,List A,SPEED DIALS,2026-06,39.0,39.0
34219,FL,Parrish Zip Market,2026-06-18,List A,SPEED DIALS,2026-06,376.0,376.0
32583,FL,Milton Zip Market,2026-06-18,List A,SPEED DIALS,2026-06,187.0,187.0
32571,FL,Milton Zip Market,2026-06-18,List A,SPEED DIALS,2026-06,218.0,218.0
33844,FL,Haines City Zip Market,2026-06-18,List A,SPEED DIALS,2026-06,422.0,422.0
34638,FL,Land O Lakes Zip Market,2026-06-18,List A,SPEED DIALS,2026-06,218.0,218.0
32563,FL,Gulf Breeze Zip Market,2026-06-18,List A,SPEED DIALS,2026-06,196.0,196.0
32259,FL,Saint Johns Zip Market,2026-06-18,List A,SPEED DIALS,2026-06,320.0,320.0
34609,FL,Spring Hill Zip Market,2026-06-18,List A,SPEED DIALS,2026-06,255.0,255.0
32533,FL,Cantonment Zip Market,2026-06-18,List A,SPEED DIALS,2026-06,168.0,168.0
32703,FL,Apopka Zip Market,2026-06-18,List A,SPEED DIALS,2026-06,168.0,168.0
32907,FL,Palm Bay Zip Market,2026-06-18,List A,SPEED DIALS,2026-06,258.0,258.0
32940,FL,Melbourne Zip Market,2026-06-18,List A,SPEED DIALS,2026-06,302.0,302.0
34211,FL,Bradenton Zip Market,2026-06-18,List A,SPEED DIALS,2026-06,358.0,358.0
32539,FL,Crestview Zip Market,2026-06-18,List A,SPEED DIALS,2026-06,215.0,215.0
32256,FL,Jacksonville Zip Market,2026-06-18,List A,SPEED DIALS,2026-06,228.0,228.0
34953,FL,Port Saint Lucie Zip Market,2026-06-18,List A,SPEED DIALS,2026-06,418.0,418.0
32608,FL,Gainesville Zip Market,2026-06-18,List A,SPEED DIALS,2026-06,241.0,241.0
32526,FL,Pensacola Zip Market,2026-06-18,List A,SPEED DIALS,2026-06,196.0,196.0
34787,FL,Winter Garden Zip Market,2026-06-18,List A,SPEED DIALS,2026-06,627.0,627.0
32244,FL,Jacksonville Zip Market,2026-06-18,List A,SPEED DIALS,2026-06,184.0,184.0
34758,FL,Kissimmee Zip Market,2026-06-18,List A,SPEED DIALS,2026-06,225.0,225.0
32712,FL,Apopka Zip Market,2026-06-18,List A,SPEED DIALS,2026-06,220.0,220.0
32327,FL,Crawfordville Zip Market,2026-06-18,List A,SPEED DIALS,2026-06,171.0,171.0
32566,FL,Navarre Zip Market,2026-06-18,List A,SPEED DIALS,2026-06,330.0,330.0
33837,FL,Davenport Zip Market,2026-06-18,List A,SPEED DIALS,2026-06,610.0,610.0
34772,FL,Saint Cloud Zip Market,2026-06-18,List A,SPEED DIALS,2026-06,298.0,298.0
33541,FL,Zephyrhills Zip Market,2026-06-18,List A,SPEED DIALS,2026-06,142.0,142.0
32404,FL,Panama City Zip Market,2026-06-18,List A,SPEED DIALS,2026-06,370.0,370.0
32578,FL,Niceville Zip Market,2026-06-18,List A,SPEED DIALS,2026-06,164.0,164.0
34231,FL,Sarasota Zip Market,2026-06-18,List A,SPEED DIALS,2026-06,309.0,309.0
33579,FL,Riverview Zip Market,2026-06-18,List A,SPEED DIALS,2026-06,254.0,254.0
32955,FL,Rockledge Zip Market,2026-06-18,List A,SPEED DIALS,2026-06,159.0,159.0
33647,FL,Tampa Zip Market,2026-06-18,List A,SPEED DIALS,2026-06,270.0,270.0
33578,FL,Riverview Zip Market,2026-06-18,List A,SPEED DIALS,2026-06,242.0,242.0
32084,FL,Saint Augustine Zip Market,2026-06-18,List A,SPEED DIALS,2026-06,350.0,350.0
33433,FL,Boca Raton Zip Market,2026-06-18,List A,SPEED DIALS,2026-06,310.0,310.0
32908,FL,Palm Bay Zip Market,2026-06-18,List A,SPEED DIALS,2026-06,195.0,195.0
32904,FL,Melbourne Zip Market,2026-06-18,List A,SPEED DIALS,2026-06,155.0,155.0
32536,FL,Crestview Zip Market,2026-06-18,List A,SPEED DIALS,2026-06,170.0,170.0
32312,FL,Tallahassee Zip Market,2026-06-18,List A,SPEED DIALS,2026-06,140.0,140.0
32724,FL,Deland Zip Market,2026-06-18,List A,SPEED DIALS,2026-06,246.0,246.0
33437,FL,Boynton Beach Zip Market,2026-06-18,List A,SPEED DIALS,2026-06,364.0,364.0
34668,FL,Port Richey Zip Market,2026-06-18,List A,SPEED DIALS,2026-06,307.0,307.0
32828,FL,Orlando Zip Market,2026-06-18,List A,SPEED DIALS,2026-06,169.0,169.0
32738,FL,Deltona Zip Market,2026-06-18,List A,SPEED DIALS,2026-06,149.0,149.0
33411,FL,West Palm Beach Zip Market,2026-06-18,List A,SPEED DIALS,2026-06,438.0,438.0
32073,FL,Orange Park Zip Market,2026-06-18,List A,SPEED DIALS,2026-06,124.0,124.0
33024,FL,Hollywood Zip Market,2026-06-18,List A,SPEED DIALS,2026-06,219.0,219.0
32086,FL,Saint Augustine Zip Market,2026-06-18,List A,SPEED DIALS,2026-06,210.0,210.0
33545,FL,Wesley Chapel Zip Market,2026-06-18,List A,SPEED DIALS,2026-06,219.0,219.0
33511,FL,Brandon Zip Market,2026-06-18,List A,SPEED DIALS,2026-06,140.0,140.0
32746,FL,Lake Mary Zip Market,2026-06-18,List A,SPEED DIALS,2026-06,161.0,161.0
33624,FL,Tampa Zip Market,2026-06-18,List A,SPEED DIALS,2026-06,93.0,93.0
33434,FL,Boca Raton Zip Market,2026-06-18,List A,SPEED DIALS,2026-06,260.0,260.0
33982,FL,Punta Gorda Zip Market,2026-06-18,List A,SPEED DIALS,2026-06,198.0,198.0
32713,FL,Debary Zip Market,2026-06-18,List A,SPEED DIALS,2026-06,104.0,104.0
34683,FL,Palm Harbor Zip Market,2026-06-18,List A,SPEED DIALS,2026-06,172.0,172.0
32246,FL,Jacksonville Zip Market,2026-06-18,List A,SPEED DIALS,2026-06,125.0,125.0
32506,FL,Pensacola Zip Market,2026-06-18,List A,SPEED DIALS,2026-06,151.0,151.0
34286,FL,North Port Zip Market,2026-06-18,List A,SPEED DIALS,2026-06,211.0,211.0
33713,FL,Saint Petersburg Zip Market,2026-06-18,List A,SPEED DIALS,2026-06,137.0,137.0
34275,FL,Nokomis Zip Market,2026-06-18,List A,SPEED DIALS,2026-06,258.0,258.0
34481,FL,Ocala Zip Market,2026-06-18,List A,SPEED DIALS,2026-06,557.0,557.0
32935,FL,Melbourne Zip Market,2026-06-18,List A,SPEED DIALS,2026-06,202.0,202.0
32211,FL,Jacksonville Zip Market,2026-06-18,List A,SPEED DIALS,2026-06,70.0,70.0
32792,FL,Winter Park Zip Market,2026-06-18,List A,SPEED DIALS,2026-06,139.0,139.0
32547,FL,Fort Walton Beach Zip Market,2026-06-18,List A,SPEED DIALS,2026-06,137.0,137.0
33810,FL,Lakeland Zip Market,2026-06-18,List A,SPEED DIALS,2026-06,156.0,156.0
34465,FL,Beverly Hills Zip Market,2026-06-18,List A,SPEED DIALS,2026-06,180.0,180.0
32003,FL,Fleming Island Zip Market,2026-06-18,List A,SPEED DIALS,2026-06,78.0,78.0
33525,FL,Dade City Zip Market,2026-06-18,List A,SPEED DIALS,2026-06,139.0,139.0
33618,FL,Tampa Zip Market,2026-06-18,List A,SPEED DIALS,2026-06,101.0,101.0
33971,FL,Lehigh Acres Zip Market,2026-06-18,List A,SPEED DIALS,2026-06,418.0,418.0
33598,FL,Wimauma Zip Market,2026-06-18,List A,SPEED DIALS,2026-06,240.0,240.0
33991,FL,Cape Coral Zip Market,2026-06-18,List A,SPEED DIALS,2026-06,308.0,308.0
34952,FL,Port Saint Lucie Zip Market,2026-06-18,List A,SPEED DIALS,2026-06,277.0,277.0
33710,FL,Saint Petersburg Zip Market,2026-06-18,List A,SPEED DIALS,2026-06,163.0,163.0
33186,FL,Miami Zip Market,2026-06-18,List A,SPEED DIALS,2026-06,183.0,183.0
34986,FL,Port Saint Lucie Zip Market,2026-06-18,List A,SPEED DIALS,2026-06,340.0,340.0
32837,FL,Orlando Zip Market,2026-06-18,List A,SPEED DIALS,2026-06,150.0,150.0
33703,FL,Saint Petersburg Zip Market,2026-06-18,List A,SPEED DIALS,2026-06,257.0,257.0
32808,FL,Orlando Zip Market,2026-06-18,List A,SPEED DIALS,2026-06,117.0,117.0
33034,FL,Homestead Zip Market,2026-06-18,List A,SPEED DIALS,2026-06,232.0,232.0
34744,FL,Kissimmee Zip Market,2026-06-18,List A,SPEED DIALS,2026-06,272.0,272.0
33324,FL,Fort Lauderdale Zip Market,2026-06-18,List A,SPEED DIALS,2026-06,286.0,286.0
33596,FL,Valrico Zip Market,2026-06-18,List A,SPEED DIALS,2026-06,95.0,95.0
32958,FL,Sebastian Zip Market,2026-06-18,List A,SPEED DIALS,2026-06,217.0,217.0
33626,FL,Tampa Zip Market,2026-06-18,List A,SPEED DIALS,2026-06,90.0,90.0
32503,FL,Pensacola Zip Market,2026-06-18,List A,SPEED DIALS,2026-06,157.0,157.0
32168,FL,New Smyrna Beach Zip Market,2026-06-18,List A,SPEED DIALS,2026-06,281.0,281.0
32780,FL,Titusville Zip Market,2026-06-18,List A,SPEED DIALS,2026-06,283.0,283.0
32967,FL,Vero Beach Zip Market,2026-06-18,List A,SPEED DIALS,2026-06,315.0,315.0
34434,FL,Dunnellon Zip Market,2026-06-18,List A,SPEED DIALS,2026-06,280.0,280.0
32159,FL,Lady Lake Zip Market,2026-06-18,List A,SPEED DIALS,2026-06,203.0,203.0
33612,FL,Tampa Zip Market,2026-06-18,List A,SPEED DIALS,2026-06,91.0,91.0
32507,FL,Pensacola Zip Market,2026-06-18,List A,SPEED DIALS,2026-06,433.0,433.0
33811,FL,Lakeland Zip Market,2026-06-18,List A,SPEED DIALS,2026-06,125.0,125.0
32308,FL,Tallahassee Zip Market,2026-06-18,List A,SPEED DIALS,2026-06,64.0,64.0
33484,FL,Delray Beach Zip Market,2026-06-18,List A,SPEED DIALS,2026-06,409.0,409.0
33917,FL,North Fort Myers Zip Market,2026-06-18,List A,SPEED DIALS,2026-06,294.0,294.0
33428,FL,Boca Raton Zip Market,2026-06-18,List A,SPEED DIALS,2026-06,197.0,197.0
33976,FL,Lehigh Acres Zip Market,2026-06-18,List A,SPEED DIALS,2026-06,286.0,286.0
32757,FL,Mount Dora Zip Market,2026-06-18,List A,SPEED DIALS,2026-06,253.0,253.0
33558,FL,Lutz Zip Market,2026-06-18,List A,SPEED DIALS,2026-06,123.0,123.0
30157,GA,Dallas Zip Market,2026-06-18,List A,SPEED DIALS,2026-06,257.0,257.0
31069,GA,Perry Zip Market,2026-06-18,List A,SPEED DIALS,2026-06,150.0,150.0
30213,GA,Fairburn Zip Market,2026-06-18,List A,SPEED DIALS,2026-06,196.0,196.0
30813,GA,Grovetown Zip Market,2026-06-18,List A,SPEED DIALS,2026-06,326.0,326.0
31419,GA,Savannah Zip Market,2026-06-18,List A,SPEED DIALS,2026-06,228.0,228.0
31088,GA,Warner Robins Zip Market,2026-06-18,List A,SPEED DIALS,2026-06,139.0,139.0
30228,GA,Hampton Zip Market,2026-06-18,List A,SPEED DIALS,2026-06,238.0,238.0
30102,GA,Acworth Zip Market,2026-06-18,List A,SPEED DIALS,2026-06,150.0,150.0
30016,GA,Covington Zip Market,2026-06-18,List A,SPEED DIALS,2026-06,205.0,205.0
31324,GA,Richmond Hill Zip Market,2026-06-18,List A,SPEED DIALS,2026-06,248.0,248.0
31313,GA,Hinesville Zip Market,2026-06-18,List A,SPEED DIALS,2026-06,349.0,349.0
31407,GA,Port Wentworth Zip Market,2026-06-18,List A,SPEED DIALS,2026-06,133.0,133.0
30135,GA,Douglasville Zip Market,2026-06-18,List A,SPEED DIALS,2026-06,325.0,325.0
30058,GA,Lithonia Zip Market,2026-06-18,List A,SPEED DIALS,2026-06,256.0,256.0
30721,GA,Dalton Zip Market,2026-06-18,List A,SPEED DIALS,2026-06,139.0,139.0
30741,GA,Rossville Zip Market,2026-06-18,List A,SPEED DIALS,2026-06,167.0,167.0
31548,GA,Kingsland Zip Market,2026-06-18,List A,SPEED DIALS,2026-06,157.0,157.0
30180,GA,Villa Rica Zip Market,2026-06-18,List A,SPEED DIALS,2026-06,339.0,339.0
31907,GA,Columbus Zip Market,2026-06-18,List A,SPEED DIALS,2026-06,121.0,121.0
30114,GA,Canton Zip Market,2026-06-18,List A,SPEED DIALS,2026-06,289.0,289.0
30045,GA,Lawrenceville Zip Market,2026-06-18,List A,SPEED DIALS,2026-06,197.0,197.0
30094,GA,Conyers Zip Market,2026-06-18,List A,SPEED DIALS,2026-06,205.0,205.0
31605,GA,Valdosta Zip Market,2026-06-18,List A,SPEED DIALS,2026-06,105.0,105.0
30701,GA,Calhoun Zip Market,2026-06-18,List A,SPEED DIALS,2026-06,150.0,150.0
30144,GA,Kennesaw Zip Market,2026-06-18,List A,SPEED DIALS,2026-06,175.0,175.0
30047,GA,Lilburn Zip Market,2026-06-18,List A,SPEED DIALS,2026-06,168.0,168.0
30019,GA,Dacula Zip Market,2026-06-18,List A,SPEED DIALS,2026-06,315.0,315.0
30705,GA,Chatsworth Zip Market,2026-06-18,List A,SPEED DIALS,2026-06,97.0,97.0
30542,GA,Flowery Branch Zip Market,2026-06-18,List A,SPEED DIALS,2026-06,252.0,252.0
30909,GA,Augusta Zip Market,2026-06-18,List A,SPEED DIALS,2026-06,167.0,167.0
30815,GA,Hephzibah Zip Market,2026-06-18,List A,SPEED DIALS,2026-06,130.0,130.0
31047,GA,Kathleen Zip Market,2026-06-18,List A,SPEED DIALS,2026-06,78.0,78.0
30080,GA,Smyrna Zip Market,2026-06-18,List A,SPEED DIALS,2026-06,244.0,244.0
30134,GA,Douglasville Zip Market,2026-06-18,List A,SPEED DIALS,2026-06,160.0,160.0
31005,GA,Bonaire Zip Market,2026-06-18,List A,SPEED DIALS,2026-06,83.0,83.0
30233,GA,Jackson Zip Market,2026-06-18,List A,SPEED DIALS,2026-06,136.0,136.0
30736,GA,Ringgold Zip Market,2026-06-18,List A,SPEED DIALS,2026-06,185.0,185.0
30318,GA,Atlanta Zip Market,2026-06-18,List A,SPEED DIALS,2026-06,406.0,406.0
31405,GA,Savannah Zip Market,2026-06-18,List A,SPEED DIALS,2026-06,190.0,190.0
31312,GA,Guyton Zip Market,2026-06-18,List A,SPEED DIALS,2026-06,195.0,195.0
30032,GA,Decatur Zip Market,2026-06-18,List A,SPEED DIALS,2026-06,280.0,280.0
31008,GA,Byron Zip Market,2026-06-18,List A,SPEED DIALS,2026-06,80.0,80.0
30165,GA,Rome Zip Market,2026-06-18,List A,SPEED DIALS,2026-06,159.0,159.0
30461,GA,Statesboro Zip Market,2026-06-18,List A,SPEED DIALS,2026-06,83.0,83.0
30507,GA,Gainesville Zip Market,2026-06-18,List A,SPEED DIALS,2026-06,107.0,107.0
30083,GA,Stone Mountain Zip Market,2026-06-18,List A,SPEED DIALS,2026-06,160.0,160.0
30067,GA,Marietta Zip Market,2026-06-18,List A,SPEED DIALS,2026-06,143.0,143.0
30008,GA,Marietta Zip Market,2026-06-18,List A,SPEED DIALS,2026-06,91.0,91.0
30064,GA,Marietta Zip Market,2026-06-18,List A,SPEED DIALS,2026-06,198.0,198.0
30620,GA,Bethlehem Zip Market,2026-06-18,List A,SPEED DIALS,2026-06,80.0,80.0
30315,GA,Atlanta Zip Market,2026-06-18,List A,SPEED DIALS,2026-06,183.0,183.0
30223,GA,Griffin Zip Market,2026-06-18,List A,SPEED DIALS,2026-06,195.0,195.0
30549,GA,Jefferson Zip Market,2026-06-18,List A,SPEED DIALS,2026-06,274.0,274.0
30236,GA,Jonesboro Zip Market,2026-06-18,List A,SPEED DIALS,2026-06,148.0,148.0
30294,GA,Ellenwood Zip Market,2026-06-18,List A,SPEED DIALS,2026-06,140.0,140.0
30022,GA,Alpharetta Zip Market,2026-06-18,List A,SPEED DIALS,2026-06,163.0,163.0
31210,GA,Macon Zip Market,2026-06-18,List A,SPEED DIALS,2026-06,123.0,123.0
30014,GA,Covington Zip Market,2026-06-18,List A,SPEED DIALS,2026-06,257.0,257.0
30092,GA,Peachtree Corners Zip Market,2026-06-18,List A,SPEED DIALS,2026-06,110.0,110.0
30291,GA,Union City Zip Market,2026-06-18,List A,SPEED DIALS,2026-06,78.0,78.0
30316,GA,Atlanta Zip Market,2026-06-18,List A,SPEED DIALS,2026-06,277.0,277.0
31632,GA,Hahira Zip Market,2026-06-18,List A,SPEED DIALS,2026-06,85.0,85.0
30122,GA,Lithia Springs Zip Market,2026-06-18,List A,SPEED DIALS,2026-06,65.0,65.0
30004,GA,Alpharetta Zip Market,2026-06-18,List A,SPEED DIALS,2026-06,311.0,311.0
30534,GA,Dawsonville Zip Market,2026-06-18,List A,SPEED DIALS,2026-06,242.0,242.0
30046,GA,Lawrenceville Zip Market,2026-06-18,List A,SPEED DIALS,2026-06,103.0,103.0
30519,GA,Buford Zip Market,2026-06-18,List A,SPEED DIALS,2026-06,288.0,288.0
30017,GA,Grayson Zip Market,2026-06-18,List A,SPEED DIALS,2026-06,115.0,115.0
30230,GA,Hogansville Zip Market,2026-06-18,List A,SPEED DIALS,2026-06,54.0,54.0
30084,GA,Tucker Zip Market,2026-06-18,List A,SPEED DIALS,2026-06,119.0,119.0
31061,GA,Milledgeville Zip Market,2026-06-18,List A,SPEED DIALS,2026-06,221.0,221.0
30728,GA,La Fayette Zip Market,2026-06-18,List A,SPEED DIALS,2026-06,76.0,76.0
30224,GA,Griffin Zip Market,2026-06-18,List A,SPEED DIALS,2026-06,110.0,110.0
30082,GA,Smyrna Zip Market,2026-06-18,List A,SPEED DIALS,2026-06,121.0,121.0
31820,GA,Midland Zip Market,2026-06-18,List A,SPEED DIALS,2026-06,66.0,66.0
31302,GA,Bloomingdale Zip Market,2026-06-18,List A,SPEED DIALS,2026-06,57.0,57.0
30041,GA,Cumming Zip Market,2026-06-18,List A,SPEED DIALS,2026-06,374.0,374.0
31558,GA,Saint Marys Zip Market,2026-06-18,List A,SPEED DIALS,2026-06,151.0,151.0
30215,GA,Fayetteville Zip Market,2026-06-18,List A,SPEED DIALS,2026-06,169.0,169.0
30577,GA,Toccoa Zip Market,2026-06-18,List A,SPEED DIALS,2026-06,121.0,121.0
30011,GA,Auburn Zip Market,2026-06-18,List A,SPEED DIALS,2026-06,173.0,173.0
31707,GA,Albany Zip Market,2026-06-18,List A,SPEED DIALS,2026-06,83.0,83.0
30512,GA,Blairsville Zip Market,2026-06-18,List A,SPEED DIALS,2026-06,309.0,309.0
30028,GA,Cumming Zip Market,2026-06-18,List A,SPEED DIALS,2026-06,213.0,213.0
31220,GA,Macon Zip Market,2026-06-18,List A,SPEED DIALS,2026-06,69.0,69.0
31320,GA,Midway Zip Market,2026-06-18,List A,SPEED DIALS,2026-06,90.0,90.0
30168,GA,Austell Zip Market,2026-06-18,List A,SPEED DIALS,2026-06,58.0,58.0
30273,GA,Rex Zip Market,2026-06-18,List A,SPEED DIALS,2026-06,47.0,47.0
30035,GA,Decatur Zip Market,2026-06-18,List A,SPEED DIALS,2026-06,107.0,107.0
31204,GA,Macon Zip Market,2026-06-18,List A,SPEED DIALS,2026-06,174.0,174.0
30060,GA,Marietta Zip Market,2026-06-18,List A,SPEED DIALS,2026-06,113.0,113.0
30814,GA,Harlem Zip Market,2026-06-18,List A,SPEED DIALS,2026-06,41.0,41.0
30339,GA,Atlanta Zip Market,2026-06-18,List A,SPEED DIALS,2026-06,175.0,175.0
30518,GA,Buford Zip Market,2026-06-18,List A,SPEED DIALS,2026-06,294.0,294.0
30314,GA,Atlanta Zip Market,2026-06-18,List A,SPEED DIALS,2026-06,168.0,168.0
30110,GA,Bremen Zip Market,2026-06-18,List A,SPEED DIALS,2026-06,75.0,75.0
30076,GA,Roswell Zip Market,2026-06-18,List A,SPEED DIALS,2026-06,145.0,145.0
30071,GA,Norcross Zip Market,2026-06-18,List A,SPEED DIALS,2026-06,64.0,64.0
30030,GA,Decatur Zip Market,2026-06-18,List A,SPEED DIALS,2026-06,113.0,113.0
30152,GA,Kennesaw Zip Market,2026-06-18,List A,SPEED DIALS,2026-06,132.0,132.0
30506,GA,Gainesville Zip Market,2026-06-18,List A,SPEED DIALS,2026-06,323.0,323.0
30312,GA,Atlanta Zip Market,2026-06-18,List A,SPEED DIALS,2026-06,154.0,154.0
31329,GA,Springfield Zip Market,2026-06-18,List A,SPEED DIALS,2026-06,47.0,47.0
48221,MI,Detroit Zip Market,2026-06-18,List A,SPEED DIALS,2026-06,161.0,161.0
48235,MI,Detroit Zip Market,2026-06-18,List A,SPEED DIALS,2026-06,153.0,153.0
49442,MI,Muskegon Zip Market,2026-06-18,List A,SPEED DIALS,2026-06,82.0,82.0
48038,MI,Clinton Township Zip Market,2026-06-18,List A,SPEED DIALS,2026-06,61.0,61.0
48706,MI,Bay City Zip Market,2026-06-18,List A,SPEED DIALS,2026-06,97.0,97.0
48910,MI,Lansing Zip Market,2026-06-18,List A,SPEED DIALS,2026-06,75.0,75.0
48228,MI,Detroit Zip Market,2026-06-18,List A,SPEED DIALS,2026-06,182.0,182.0
49203,MI,Jackson Zip Market,2026-06-18,List A,SPEED DIALS,2026-06,79.0,79.0
48219,MI,Detroit Zip Market,2026-06-18,List A,SPEED DIALS,2026-06,162.0,162.0
48060,MI,Port Huron Zip Market,2026-06-18,List A,SPEED DIALS,2026-06,67.0,67.0
48035,MI,Clinton Township Zip Market,2026-06-18,List A,SPEED DIALS,2026-06,64.0,64.0
48089,MI,Warren Zip Market,2026-06-18,List A,SPEED DIALS,2026-06,102.0,102.0
48073,MI,Royal Oak Zip Market,2026-06-18,List A,SPEED DIALS,2026-06,86.0,86.0
48183,MI,Trenton Zip Market,2026-06-18,List A,SPEED DIALS,2026-06,52.0,52.0
48312,MI,Sterling Heights Zip Market,2026-06-18,List A,SPEED DIALS,2026-06,57.0,57.0
48198,MI,Ypsilanti Zip Market,2026-06-18,List A,SPEED DIALS,2026-06,44.0,44.0
49503,MI,Grand Rapids Zip Market,2026-06-18,List A,SPEED DIALS,2026-06,64.0,64.0
49022,MI,Benton Harbor Zip Market,2026-06-18,List A,SPEED DIALS,2026-06,48.0,48.0
48093,MI,Warren Zip Market,2026-06-18,List A,SPEED DIALS,2026-06,45.0,45.0
48146,MI,Lincoln Park Zip Market,2026-06-18,List A,SPEED DIALS,2026-06,57.0,57.0
48135,MI,Garden City Zip Market,2026-06-18,List A,SPEED DIALS,2026-06,39.0,39.0
48174,MI,Romulus Zip Market,2026-06-18,List A,SPEED DIALS,2026-06,50.0,50.0
48906,MI,Lansing Zip Market,2026-06-18,List A,SPEED DIALS,2026-06,51.0,51.0
48823,MI,East Lansing Zip Market,2026-06-18,List A,SPEED DIALS,2026-06,79.0,79.0
48446,MI,Lapeer Zip Market,2026-06-18,List A,SPEED DIALS,2026-06,51.0,51.0
48227,MI,Detroit Zip Market,2026-06-18,List A,SPEED DIALS,2026-06,201.0,201.0
48186,MI,Westland Zip Market,2026-06-18,List A,SPEED DIALS,2026-06,35.0,35.0
48423,MI,Davison Zip Market,2026-06-18,List A,SPEED DIALS,2026-06,71.0,71.0
48336,MI,Farmington Zip Market,2026-06-18,List A,SPEED DIALS,2026-06,50.0,50.0
49017,MI,Battle Creek Zip Market,2026-06-18,List A,SPEED DIALS,2026-06,36.0,36.0
48867,MI,Owosso Zip Market,2026-06-18,List A,SPEED DIALS,2026-06,43.0,43.0
49048,MI,Kalamazoo Zip Market,2026-06-18,List A,SPEED DIALS,2026-06,32.0,32.0
48328,MI,Waterford Zip Market,2026-06-18,List A,SPEED DIALS,2026-06,54.0,54.0
49707,MI,Alpena Zip Market,2026-06-18,List A,SPEED DIALS,2026-06,48.0,48.0
48858,MI,Mount Pleasant Zip Market,2026-06-18,List A,SPEED DIALS,2026-06,77.0,77.0
48192,MI,Wyandotte Zip Market,2026-06-18,List A,SPEED DIALS,2026-06,33.0,33.0
48152,MI,Livonia Zip Market,2026-06-18,List A,SPEED DIALS,2026-06,35.0,35.0
48237,MI,Oak Park Zip Market,2026-06-18,List A,SPEED DIALS,2026-06,33.0,33.0
48313,MI,Sterling Heights Zip Market,2026-06-18,List A,SPEED DIALS,2026-06,29.0,29.0
48101,MI,Allen Park Zip Market,2026-06-18,List A,SPEED DIALS,2026-06,30.0,30.0
48076,MI,Southfield Zip Market,2026-06-18,List A,SPEED DIALS,2026-06,42.0,42.0
48103,MI,Ann Arbor Zip Market,2026-06-18,List A,SPEED DIALS,2026-06,116.0,116.0
49504,MI,Grand Rapids Zip Market,2026-06-18,List A,SPEED DIALS,2026-06,34.0,34.0
48067,MI,Royal Oak Zip Market,2026-06-18,List A,SPEED DIALS,2026-06,86.0,86.0
48329,MI,Waterford Zip Market,2026-06-18,List A,SPEED DIALS,2026-06,32.0,32.0
48340,MI,Pontiac Zip Market,2026-06-18,List A,SPEED DIALS,2026-06,42.0,42.0
48234,MI,Detroit Zip Market,2026-06-18,List A,SPEED DIALS,2026-06,127.0,127.0
49024,MI,Portage Zip Market,2026-06-18,List A,SPEED DIALS,2026-06,49.0,49.0
48653,MI,Roscommon Zip Market,2026-06-18,List A,SPEED DIALS,2026-06,63.0,63.0
48047,MI,New Baltimore Zip Market,2026-06-18,List A,SPEED DIALS,2026-06,76.0,76.0
49058,MI,Hastings Zip Market,2026-06-18,List A,SPEED DIALS,2026-06,24.0,24.0
49307,MI,Big Rapids Zip Market,2026-06-18,List A,SPEED DIALS,2026-06,45.0,45.0
48116,MI,Brighton Zip Market,2026-06-18,List A,SPEED DIALS,2026-06,55.0,55.0
48154,MI,Livonia Zip Market,2026-06-18,List A,SPEED DIALS,2026-06,28.0,28.0
48111,MI,Belleville Zip Market,2026-06-18,List A,SPEED DIALS,2026-06,54.0,54.0
49423,MI,Holland Zip Market,2026-06-18,List A,SPEED DIALS,2026-06,53.0,53.0
48307,MI,Rochester Zip Market,2026-06-18,List A,SPEED DIALS,2026-06,71.0,71.0
48838,MI,Greenville Zip Market,2026-06-18,List A,SPEED DIALS,2026-06,32.0,32.0
48842,MI,Holt Zip Market,2026-06-18,List A,SPEED DIALS,2026-06,24.0,24.0
48044,MI,Macomb Zip Market,2026-06-18,List A,SPEED DIALS,2026-06,77.0,77.0
48609,MI,Saginaw Zip Market,2026-06-18,List A,SPEED DIALS,2026-06,22.0,22.0
48162,MI,Monroe Zip Market,2026-06-18,List A,SPEED DIALS,2026-06,27.0,27.0
49441,MI,Muskegon Zip Market,2026-06-18,List A,SPEED DIALS,2026-06,97.0,97.0
48855,MI,Howell Zip Market,2026-06-18,List A,SPEED DIALS,2026-06,36.0,36.0
48108,MI,Ann Arbor Zip Market,2026-06-18,List A,SPEED DIALS,2026-06,43.0,43.0
49068,MI,Marshall Zip Market,2026-06-18,List A,SPEED DIALS,2026-06,40.0,40.0
49004,MI,Kalamazoo Zip Market,2026-06-18,List A,SPEED DIALS,2026-06,24.0,24.0
48532,MI,Flint Zip Market,2026-06-18,List A,SPEED DIALS,2026-06,30.0,30.0
49002,MI,Portage Zip Market,2026-06-18,List A,SPEED DIALS,2026-06,26.0,26.0
49424,MI,Holland Zip Market,2026-06-18,List A,SPEED DIALS,2026-06,71.0,71.0
48625,MI,Harrison Zip Market,2026-06-18,List A,SPEED DIALS,2026-06,94.0,94.0
48170,MI,Plymouth Zip Market,2026-06-18,List A,SPEED DIALS,2026-06,73.0,73.0
48801,MI,Alma Zip Market,2026-06-18,List A,SPEED DIALS,2026-06,36.0,36.0
49660,MI,Manistee Zip Market,2026-06-18,List A,SPEED DIALS,2026-06,47.0,47.0
48341,MI,Pontiac Zip Market,2026-06-18,List A,SPEED DIALS,2026-06,25.0,25.0
49097,MI,Vicksburg Zip Market,2026-06-18,List A,SPEED DIALS,2026-06,27.0,27.0
49341,MI,Rockford Zip Market,2026-06-18,List A,SPEED DIALS,2026-06,63.0,63.0
49512,MI,Grand Rapids Zip Market,2026-06-18,List A,SPEED DIALS,2026-06,38.0,38.0
48442,MI,Holly Zip Market,2026-06-18,List A,SPEED DIALS,2026-06,35.0,35.0
48316,MI,Utica Zip Market,2026-06-18,List A,SPEED DIALS,2026-06,53.0,53.0
48629,MI,Houghton Lake Zip Market,2026-06-18,List A,SPEED DIALS,2026-06,59.0,59.0
48236,MI,Grosse Pointe Zip Market,2026-06-18,List A,SPEED DIALS,2026-06,58.0,58.0
49506,MI,Grand Rapids Zip Market,2026-06-18,List A,SPEED DIALS,2026-06,51.0,51.0
48813,MI,Charlotte Zip Market,2026-06-18,List A,SPEED DIALS,2026-06,23.0,23.0
48176,MI,Saline Zip Market,2026-06-18,List A,SPEED DIALS,2026-06,77.0,77.0
48638,MI,Saginaw Zip Market,2026-06-18,List A,SPEED DIALS,2026-06,17.0,17.0
48238,MI,Detroit Zip Market,2026-06-18,List A,SPEED DIALS,2026-06,156.0,156.0
48161,MI,Monroe Zip Market,2026-06-18,List A,SPEED DIALS,2026-06,59.0,59.0
49509,MI,Wyoming Zip Market,2026-06-18,List A,SPEED DIALS,2026-06,15.0,15.0
49684,MI,Traverse City Zip Market,2026-06-18,List A,SPEED DIALS,2026-06,102.0,102.0
48768,MI,Vassar Zip Market,2026-06-18,List A,SPEED DIALS,2026-06,13.0,13.0
48315,MI,Utica Zip Market,2026-06-18,List A,SPEED DIALS,2026-06,69.0,69.0
49426,MI,Hudsonville Zip Market,2026-06-18,List A,SPEED DIALS,2026-06,50.0,50.0
49519,MI,Wyoming Zip Market,2026-06-18,List A,SPEED DIALS,2026-06,13.0,13.0
48215,MI,Detroit Zip Market,2026-06-18,List A,SPEED DIALS,2026-06,44.0,44.0
36535,AL,Foley Zip Market,2026-06-18,List B,DEAL RAID,2026-06,324.0,324.0
35040,AL,Calera Zip Market,2026-06-18,List B,DEAL RAID,2026-06,102.0,102.0
36117,AL,Montgomery Zip Market,2026-06-18,List B,DEAL RAID,2026-06,213.0,213.0
35215,AL,Birmingham Zip Market,2026-06-18,List B,DEAL RAID,2026-06,176.0,176.0
36526,AL,Daphne Zip Market,2026-06-18,List B,DEAL RAID,2026-06,266.0,266.0
35023,AL,Bessemer Zip Market,2026-06-18,List B,DEAL RAID,2026-06,115.0,115.0
36109,AL,Montgomery Zip Market,2026-06-18,List B,DEAL RAID,2026-06,121.0,121.0
35630,AL,Florence Zip Market,2026-06-18,List B,DEAL RAID,2026-06,103.0,103.0
35603,AL,Decatur Zip Market,2026-06-18,List B,DEAL RAID,2026-06,156.0,156.0
35611,AL,Athens Zip Market,2026-06-18,List B,DEAL RAID,2026-06,221.0,221.0
35811,AL,Huntsville Zip Market,2026-06-18,List B,DEAL RAID,2026-06,199.0,199.0
35758,AL,Madison Zip Market,2026-06-18,List B,DEAL RAID,2026-06,189.0,189.0
35120,AL,Odenville Zip Market,2026-06-18,List B,DEAL RAID,2026-06,78.0,78.0
35173,AL,Trussville Zip Market,2026-06-18,List B,DEAL RAID,2026-06,162.0,162.0
35216,AL,Birmingham Zip Market,2026-06-18,List B,DEAL RAID,2026-06,77.0,77.0
36606,AL,Mobile Zip Market,2026-06-18,List B,DEAL RAID,2026-06,86.0,86.0
36609,AL,Mobile Zip Market,2026-06-18,List B,DEAL RAID,2026-06,68.0,68.0
35235,AL,Birmingham Zip Market,2026-06-18,List B,DEAL RAID,2026-06,63.0,63.0
35640,AL,Hartselle Zip Market,2026-06-18,List B,DEAL RAID,2026-06,90.0,90.0
35126,AL,Pinson Zip Market,2026-06-18,List B,DEAL RAID,2026-06,90.0,90.0
36207,AL,Anniston Zip Market,2026-06-18,List B,DEAL RAID,2026-06,65.0,65.0
35759,AL,Meridianville Zip Market,2026-06-18,List B,DEAL RAID,2026-06,149.0,149.0
36532,AL,Fairhope Zip Market,2026-06-18,List B,DEAL RAID,2026-06,274.0,274.0
35043,AL,Chelsea Zip Market,2026-06-18,List B,DEAL RAID,2026-06,88.0,88.0
36360,AL,Ozark Zip Market,2026-06-18,List B,DEAL RAID,2026-06,74.0,74.0
35080,AL,Helena Zip Market,2026-06-18,List B,DEAL RAID,2026-06,71.0,71.0
35211,AL,Birmingham Zip Market,2026-06-18,List B,DEAL RAID,2026-06,89.0,89.0
35757,AL,Madison Zip Market,2026-06-18,List B,DEAL RAID,2026-06,97.0,97.0
35802,AL,Huntsville Zip Market,2026-06-18,List B,DEAL RAID,2026-06,93.0,93.0
36869,AL,Phenix City Zip Market,2026-06-18,List B,DEAL RAID,2026-06,37.0,37.0
36022,AL,Deatsville Zip Market,2026-06-18,List B,DEAL RAID,2026-06,48.0,48.0
35004,AL,Moody Zip Market,2026-06-18,List B,DEAL RAID,2026-06,47.0,47.0
35633,AL,Florence Zip Market,2026-06-18,List B,DEAL RAID,2026-06,72.0,72.0
35824,AL,Huntsville Zip Market,2026-06-18,List B,DEAL RAID,2026-06,46.0,46.0
36693,AL,Mobile Zip Market,2026-06-18,List B,DEAL RAID,2026-06,68.0,68.0
36571,AL,Saraland Zip Market,2026-06-18,List B,DEAL RAID,2026-06,53.0,53.0
35094,AL,Leeds Zip Market,2026-06-18,List B,DEAL RAID,2026-06,66.0,66.0
36619,AL,Mobile Zip Market,2026-06-18,List B,DEAL RAID,2026-06,39.0,39.0
35124,AL,Pelham Zip Market,2026-06-18,List B,DEAL RAID,2026-06,90.0,90.0
35904,AL,Gadsden Zip Market,2026-06-18,List B,DEAL RAID,2026-06,50.0,50.0
36618,AL,Mobile Zip Market,2026-06-18,List B,DEAL RAID,2026-06,38.0,38.0
36093,AL,Wetumpka Zip Market,2026-06-18,List B,DEAL RAID,2026-06,59.0,59.0
35903,AL,Gadsden Zip Market,2026-06-18,List B,DEAL RAID,2026-06,49.0,49.0
35117,AL,Mount Olive Zip Market,2026-06-18,List B,DEAL RAID,2026-06,25.0,25.0
36854,AL,Valley Zip Market,2026-06-18,List B,DEAL RAID,2026-06,70.0,70.0
36576,AL,Silverhill Zip Market,2026-06-18,List B,DEAL RAID,2026-06,27.0,27.0
36106,AL,Montgomery Zip Market,2026-06-18,List B,DEAL RAID,2026-06,81.0,81.0
35068,AL,Fultondale Zip Market,2026-06-18,List B,DEAL RAID,2026-06,22.0,22.0
35950,AL,Albertville Zip Market,2026-06-18,List B,DEAL RAID,2026-06,52.0,52.0
35645,AL,Killen Zip Market,2026-06-18,List B,DEAL RAID,2026-06,79.0,79.0
35010,AL,Alexander City Zip Market,2026-06-18,List B,DEAL RAID,2026-06,122.0,122.0
36544,AL,Irvington Zip Market,2026-06-18,List B,DEAL RAID,2026-06,28.0,28.0
35016,AL,Arab Zip Market,2026-06-18,List B,DEAL RAID,2026-06,92.0,92.0
35406,AL,Tuscaloosa Zip Market,2026-06-18,List B,DEAL RAID,2026-06,103.0,103.0
36206,AL,Anniston Zip Market,2026-06-18,List B,DEAL RAID,2026-06,24.0,24.0
35661,AL,Muscle Shoals Zip Market,2026-06-18,List B,DEAL RAID,2026-06,101.0,101.0
35180,AL,Warrior Zip Market,2026-06-18,List B,DEAL RAID,2026-06,59.0,59.0
35125,AL,Pell City Zip Market,2026-06-18,List B,DEAL RAID,2026-06,16.0,16.0
35150,AL,Sylacauga Zip Market,2026-06-18,List B,DEAL RAID,2026-06,57.0,57.0
35208,AL,Birmingham Zip Market,2026-06-18,List B,DEAL RAID,2026-06,88.0,88.0
35091,AL,Kimberly Zip Market,2026-06-18,List B,DEAL RAID,2026-06,28.0,28.0
36801,AL,Opelika Zip Market,2026-06-18,List B,DEAL RAID,2026-06,165.0,165.0
36567,AL,Robertsdale Zip Market,2026-06-18,List B,DEAL RAID,2026-06,67.0,67.0
36830,AL,Auburn Zip Market,2026-06-18,List B,DEAL RAID,2026-06,321.0,321.0
35160,AL,Talladega Zip Market,2026-06-18,List B,DEAL RAID,2026-06,76.0,76.0
35750,AL,Hazel Green Zip Market,2026-06-18,List B,DEAL RAID,2026-06,77.0,77.0
35673,AL,Trinity Zip Market,2026-06-18,List B,DEAL RAID,2026-06,18.0,18.0
36507,AL,Bay Minette Zip Market,2026-06-18,List B,DEAL RAID,2026-06,69.0,69.0
35115,AL,Montevallo Zip Market,2026-06-18,List B,DEAL RAID,2026-06,59.0,59.0
36561,AL,Orange Beach Zip Market,2026-06-18,List B,DEAL RAID,2026-06,694.0,694.0
36613,AL,Eight Mile Zip Market,2026-06-18,List B,DEAL RAID,2026-06,18.0,18.0
35986,AL,Rainsville Zip Market,2026-06-18,List B,DEAL RAID,2026-06,25.0,25.0
36701,AL,Selma Zip Market,2026-06-18,List B,DEAL RAID,2026-06,60.0,60.0
35620,AL,Elkmont Zip Market,2026-06-18,List B,DEAL RAID,2026-06,27.0,27.0
35672,AL,Town Creek Zip Market,2026-06-18,List B,DEAL RAID,2026-06,13.0,13.0
36350,AL,Midland City Zip Market,2026-06-18,List B,DEAL RAID,2026-06,35.0,35.0
35760,AL,New Hope Zip Market,2026-06-18,List B,DEAL RAID,2026-06,18.0,18.0
36078,AL,Tallassee Zip Market,2026-06-18,List B,DEAL RAID,2026-06,59.0,59.0
35243,AL,Birmingham Zip Market,2026-06-18,List B,DEAL RAID,2026-06,38.0,38.0
35453,AL,Cottondale Zip Market,2026-06-18,List B,DEAL RAID,2026-06,25.0,25.0
36551,AL,Loxley Zip Market,2026-06-18,List B,DEAL RAID,2026-06,65.0,65.0
35058,AL,Cullman Zip Market,2026-06-18,List B,DEAL RAID,2026-06,57.0,57.0
35114,AL,Alabaster Zip Market,2026-06-18,List B,DEAL RAID,2026-06,17.0,17.0
36352,AL,Newton Zip Market,2026-06-18,List B,DEAL RAID,2026-06,24.0,24.0
36502,AL,Atmore Zip Market,2026-06-18,List B,DEAL RAID,2026-06,35.0,35.0
35475,AL,Northport Zip Market,2026-06-18,List B,DEAL RAID,2026-06,94.0,94.0
35217,AL,Birmingham Zip Market,2026-06-18,List B,DEAL RAID,2026-06,43.0,43.0
35654,AL,Russellville Zip Market,2026-06-18,List B,DEAL RAID,2026-06,17.0,17.0
35634,AL,Florence Zip Market,2026-06-18,List B,DEAL RAID,2026-06,43.0,43.0
36603,AL,Mobile Zip Market,2026-06-18,List B,DEAL RAID,2026-06,19.0,19.0
35670,AL,Somerville Zip Market,2026-06-18,List B,DEAL RAID,2026-06,16.0,16.0
36201,AL,Anniston Zip Market,2026-06-18,List B,DEAL RAID,2026-06,38.0,38.0
35213,AL,Birmingham Zip Market,2026-06-18,List B,DEAL RAID,2026-06,19.0,19.0
36027,AL,Eufaula Zip Market,2026-06-18,List B,DEAL RAID,2026-06,83.0,83.0
35951,AL,Albertville Zip Market,2026-06-18,List B,DEAL RAID,2026-06,37.0,37.0
35956,AL,Boaz Zip Market,2026-06-18,List B,DEAL RAID,2026-06,35.0,35.0
36274,AL,Roanoke Zip Market,2026-06-18,List B,DEAL RAID,2026-06,28.0,28.0
32092,FL,Saint Augustine Zip Market,2026-06-18,List B,DEAL RAID,2026-06,374.0,374.0
32218,FL,Jacksonville Zip Market,2026-06-18,List B,DEAL RAID,2026-06,226.0,226.0
32043,FL,Green Cove Springs Zip Market,2026-06-18,List B,DEAL RAID,2026-06,244.0,244.0
32162,FL,The Villages Zip Market,2026-06-18,List B,DEAL RAID,2026-06,305.0,305.0
34771,FL,Saint Cloud Zip Market,2026-06-18,List B,DEAL RAID,2026-06,348.0,348.0
34293,FL,Venice Zip Market,2026-06-18,List B,DEAL RAID,2026-06,512.0,512.0
32068,FL,Middleburg Zip Market,2026-06-18,List B,DEAL RAID,2026-06,249.0,249.0
32164,FL,Palm Coast Zip Market,2026-06-18,List B,DEAL RAID,2026-06,436.0,436.0
34476,FL,Ocala Zip Market,2026-06-18,List B,DEAL RAID,2026-06,320.0,320.0
34221,FL,Palmetto Zip Market,2026-06-18,List B,DEAL RAID,2026-06,319.0,319.0
32224,FL,Jacksonville Zip Market,2026-06-18,List B,DEAL RAID,2026-06,150.0,150.0
32097,FL,Yulee Zip Market,2026-06-18,List B,DEAL RAID,2026-06,197.0,197.0
34761,FL,Ocoee Zip Market,2026-06-18,List B,DEAL RAID,2026-06,146.0,146.0
34987,FL,Port Saint Lucie Zip Market,2026-06-18,List B,DEAL RAID,2026-06,440.0,440.0
32095,FL,Saint Augustine Zip Market,2026-06-18,List B,DEAL RAID,2026-06,193.0,193.0
32909,FL,Palm Bay Zip Market,2026-06-18,List B,DEAL RAID,2026-06,369.0,369.0
32174,FL,Ormond Beach Zip Market,2026-06-18,List B,DEAL RAID,2026-06,413.0,413.0
32210,FL,Jacksonville Zip Market,2026-06-18,List B,DEAL RAID,2026-06,238.0,238.0
32225,FL,Jacksonville Zip Market,2026-06-18,List B,DEAL RAID,2026-06,135.0,135.0
32771,FL,Sanford Zip Market,2026-06-18,List B,DEAL RAID,2026-06,228.0,228.0
34473,FL,Ocala Zip Market,2026-06-18,List B,DEAL RAID,2026-06,530.0,530.0
33543,FL,Wesley Chapel Zip Market,2026-06-18,List B,DEAL RAID,2026-06,263.0,263.0
34714,FL,Clermont Zip Market,2026-06-18,List B,DEAL RAID,2026-06,226.0,226.0
34983,FL,Port Saint Lucie Zip Market,2026-06-18,List B,DEAL RAID,2026-06,231.0,231.0
32439,FL,Freeport Zip Market,2026-06-18,List B,DEAL RAID,2026-06,267.0,267.0
34736,FL,Groveland Zip Market,2026-06-18,List B,DEAL RAID,2026-06,168.0,168.0
32765,FL,Oviedo Zip Market,2026-06-18,List B,DEAL RAID,2026-06,166.0,166.0
34608,FL,Spring Hill Zip Market,2026-06-18,List B,DEAL RAID,2026-06,147.0,147.0
33909,FL,Cape Coral Zip Market,2026-06-18,List B,DEAL RAID,2026-06,465.0,465.0
34606,FL,Spring Hill Zip Market,2026-06-18,List B,DEAL RAID,2026-06,156.0,156.0
34655,FL,New Port Richey Zip Market,2026-06-18,List B,DEAL RAID,2026-06,221.0,221.0
33467,FL,Lake Worth Zip Market,2026-06-18,List B,DEAL RAID,2026-06,440.0,440.0
33436,FL,Boynton Beach Zip Market,2026-06-18,List B,DEAL RAID,2026-06,276.0,276.0
32081,FL,Ponte Vedra Zip Market,2026-06-18,List B,DEAL RAID,2026-06,252.0,252.0
33407,FL,West Palm Beach Zip Market,2026-06-18,List B,DEAL RAID,2026-06,160.0,160.0
34759,FL,Kissimmee Zip Market,2026-06-18,List B,DEAL RAID,2026-06,416.0,416.0
32708,FL,Winter Springs Zip Market,2026-06-18,List B,DEAL RAID,2026-06,135.0,135.0
33446,FL,Delray Beach Zip Market,2026-06-18,List B,DEAL RAID,2026-06,425.0,425.0
33604,FL,Tampa Zip Market,2026-06-18,List B,DEAL RAID,2026-06,181.0,181.0
32303,FL,Tallahassee Zip Market,2026-06-18,List B,DEAL RAID,2026-06,174.0,174.0
32065,FL,Orange Park Zip Market,2026-06-18,List B,DEAL RAID,2026-06,122.0,122.0
32219,FL,Jacksonville Zip Market,2026-06-18,List B,DEAL RAID,2026-06,145.0,145.0
32725,FL,Deltona Zip Market,2026-06-18,List B,DEAL RAID,2026-06,175.0,175.0
33884,FL,Winter Haven Zip Market,2026-06-18,List B,DEAL RAID,2026-06,296.0,296.0
32825,FL,Orlando Zip Market,2026-06-18,List B,DEAL RAID,2026-06,104.0,104.0
32720,FL,Deland Zip Market,2026-06-18,List B,DEAL RAID,2026-06,132.0,132.0
33573,FL,Sun City Center Zip Market,2026-06-18,List B,DEAL RAID,2026-06,367.0,367.0
32824,FL,Orlando Zip Market,2026-06-18,List B,DEAL RAID,2026-06,160.0,160.0
32570,FL,Milton Zip Market,2026-06-18,List B,DEAL RAID,2026-06,130.0,130.0
33321,FL,Fort Lauderdale Zip Market,2026-06-18,List B,DEAL RAID,2026-06,438.0,438.0
32137,FL,Palm Coast Zip Market,2026-06-18,List B,DEAL RAID,2026-06,656.0,656.0
34711,FL,Clermont Zip Market,2026-06-18,List B,DEAL RAID,2026-06,303.0,303.0
34698,FL,Dunedin Zip Market,2026-06-18,List B,DEAL RAID,2026-06,278.0,278.0
32258,FL,Jacksonville Zip Market,2026-06-18,List B,DEAL RAID,2026-06,94.0,94.0
33547,FL,Lithia Zip Market,2026-06-18,List B,DEAL RAID,2026-06,135.0,135.0
34715,FL,Clermont Zip Market,2026-06-18,List B,DEAL RAID,2026-06,147.0,147.0
33570,FL,Ruskin Zip Market,2026-06-18,List B,DEAL RAID,2026-06,227.0,227.0
32514,FL,Pensacola Zip Market,2026-06-18,List B,DEAL RAID,2026-06,133.0,133.0
34997,FL,Stuart Zip Market,2026-06-18,List B,DEAL RAID,2026-06,325.0,325.0
34288,FL,North Port Zip Market,2026-06-18,List B,DEAL RAID,2026-06,190.0,190.0
32257,FL,Jacksonville Zip Market,2026-06-18,List B,DEAL RAID,2026-06,80.0,80.0
33594,FL,Valrico Zip Market,2026-06-18,List B,DEAL RAID,2026-06,98.0,98.0
33023,FL,Hollywood Zip Market,2026-06-18,List B,DEAL RAID,2026-06,161.0,161.0
32953,FL,Merritt Island Zip Market,2026-06-18,List B,DEAL RAID,2026-06,125.0,125.0
34238,FL,Sarasota Zip Market,2026-06-18,List B,DEAL RAID,2026-06,282.0,282.0
33813,FL,Lakeland Zip Market,2026-06-18,List B,DEAL RAID,2026-06,165.0,165.0
33823,FL,Auburndale Zip Market,2026-06-18,List B,DEAL RAID,2026-06,209.0,209.0
32714,FL,Altamonte Springs Zip Market,2026-06-18,List B,DEAL RAID,2026-06,125.0,125.0
32205,FL,Jacksonville Zip Market,2026-06-18,List B,DEAL RAID,2026-06,185.0,185.0
32669,FL,Newberry Zip Market,2026-06-18,List B,DEAL RAID,2026-06,148.0,148.0
32309,FL,Tallahassee Zip Market,2026-06-18,List B,DEAL RAID,2026-06,83.0,83.0
32937,FL,Satellite Beach Zip Market,2026-06-18,List B,DEAL RAID,2026-06,162.0,162.0
33928,FL,Estero Zip Market,2026-06-18,List B,DEAL RAID,2026-06,413.0,413.0
32216,FL,Jacksonville Zip Market,2026-06-18,List B,DEAL RAID,2026-06,149.0,149.0
32207,FL,Jacksonville Zip Market,2026-06-18,List B,DEAL RAID,2026-06,122.0,122.0
32726,FL,Eustis Zip Market,2026-06-18,List B,DEAL RAID,2026-06,84.0,84.0
33033,FL,Homestead Zip Market,2026-06-18,List B,DEAL RAID,2026-06,418.0,418.0
34691,FL,Holiday Zip Market,2026-06-18,List B,DEAL RAID,2026-06,148.0,148.0
33617,FL,Tampa Zip Market,2026-06-18,List B,DEAL RAID,2026-06,136.0,136.0
33071,FL,Coral Springs Zip Market,2026-06-18,List B,DEAL RAID,2026-06,166.0,166.0
34613,FL,Brooksville Zip Market,2026-06-18,List B,DEAL RAID,2026-06,148.0,148.0
33027,FL,Hollywood Zip Market,2026-06-18,List B,DEAL RAID,2026-06,428.0,428.0
33955,FL,Punta Gorda Zip Market,2026-06-18,List B,DEAL RAID,2026-06,312.0,312.0
34472,FL,Ocala Zip Market,2026-06-18,List B,DEAL RAID,2026-06,273.0,273.0
33463,FL,Lake Worth Zip Market,2026-06-18,List B,DEAL RAID,2026-06,254.0,254.0
33993,FL,Cape Coral Zip Market,2026-06-18,List B,DEAL RAID,2026-06,769.0,769.0
32707,FL,Casselberry Zip Market,2026-06-18,List B,DEAL RAID,2026-06,74.0,74.0
33830,FL,Bartow Zip Market,2026-06-18,List B,DEAL RAID,2026-06,103.0,103.0
33916,FL,Fort Myers Zip Market,2026-06-18,List B,DEAL RAID,2026-06,171.0,171.0
32221,FL,Jacksonville Zip Market,2026-06-18,List B,DEAL RAID,2026-06,89.0,89.0
33445,FL,Delray Beach Zip Market,2026-06-18,List B,DEAL RAID,2026-06,262.0,262.0
34667,FL,Hudson Zip Market,2026-06-18,List B,DEAL RAID,2026-06,368.0,368.0
33974,FL,Lehigh Acres Zip Market,2026-06-18,List B,DEAL RAID,2026-06,476.0,476.0
33905,FL,Fort Myers Zip Market,2026-06-18,List B,DEAL RAID,2026-06,301.0,301.0
34135,FL,Bonita Springs Zip Market,2026-06-18,List B,DEAL RAID,2026-06,561.0,561.0
33904,FL,Cape Coral Zip Market,2026-06-18,List B,DEAL RAID,2026-06,515.0,515.0
30349,GA,Atlanta Zip Market,2026-06-18,List B,DEAL RAID,2026-06,324.0,324.0
30120,GA,Cartersville Zip Market,2026-06-18,List B,DEAL RAID,2026-06,222.0,222.0
30043,GA,Lawrenceville Zip Market,2026-06-18,List B,DEAL RAID,2026-06,273.0,273.0
30127,GA,Powder Springs Zip Market,2026-06-18,List B,DEAL RAID,2026-06,293.0,293.0
30253,GA,Mcdonough Zip Market,2026-06-18,List B,DEAL RAID,2026-06,276.0,276.0
30126,GA,Mableton Zip Market,2026-06-18,List B,DEAL RAID,2026-06,200.0,200.0
30052,GA,Loganville Zip Market,2026-06-18,List B,DEAL RAID,2026-06,409.0,409.0
30132,GA,Dallas Zip Market,2026-06-18,List B,DEAL RAID,2026-06,284.0,284.0
30907,GA,Augusta Zip Market,2026-06-18,List B,DEAL RAID,2026-06,169.0,169.0
30458,GA,Statesboro Zip Market,2026-06-18,List B,DEAL RAID,2026-06,152.0,152.0
30044,GA,Lawrenceville Zip Market,2026-06-18,List B,DEAL RAID,2026-06,222.0,222.0
30188,GA,Woodstock Zip Market,2026-06-18,List B,DEAL RAID,2026-06,301.0,301.0
30809,GA,Evans Zip Market,2026-06-18,List B,DEAL RAID,2026-06,248.0,248.0
30281,GA,Stockbridge Zip Market,2026-06-18,List B,DEAL RAID,2026-06,251.0,251.0
31316,GA,Ludowici Zip Market,2026-06-18,List B,DEAL RAID,2026-06,220.0,220.0
31904,GA,Columbus Zip Market,2026-06-18,List B,DEAL RAID,2026-06,147.0,147.0
30680,GA,Winder Zip Market,2026-06-18,List B,DEAL RAID,2026-06,297.0,297.0
30013,GA,Conyers Zip Market,2026-06-18,List B,DEAL RAID,2026-06,169.0,169.0
30906,GA,Augusta Zip Market,2026-06-18,List B,DEAL RAID,2026-06,199.0,199.0
30605,GA,Athens Zip Market,2026-06-18,List B,DEAL RAID,2026-06,192.0,192.0
30252,GA,Mcdonough Zip Market,2026-06-18,List B,DEAL RAID,2026-06,303.0,303.0
30263,GA,Newnan Zip Market,2026-06-18,List B,DEAL RAID,2026-06,282.0,282.0
30101,GA,Acworth Zip Market,2026-06-18,List B,DEAL RAID,2026-06,278.0,278.0
30331,GA,Atlanta Zip Market,2026-06-18,List B,DEAL RAID,2026-06,257.0,257.0
30328,GA,Atlanta Zip Market,2026-06-18,List B,DEAL RAID,2026-06,231.0,231.0
30066,GA,Marietta Zip Market,2026-06-18,List B,DEAL RAID,2026-06,209.0,209.0
30238,GA,Jonesboro Zip Market,2026-06-18,List B,DEAL RAID,2026-06,159.0,159.0
30189,GA,Woodstock Zip Market,2026-06-18,List B,DEAL RAID,2026-06,137.0,137.0
30078,GA,Snellville Zip Market,2026-06-18,List B,DEAL RAID,2026-06,129.0,129.0
31909,GA,Columbus Zip Market,2026-06-18,List B,DEAL RAID,2026-06,66.0,66.0
30248,GA,Locust Grove Zip Market,2026-06-18,List B,DEAL RAID,2026-06,211.0,211.0
30179,GA,Temple Zip Market,2026-06-18,List B,DEAL RAID,2026-06,75.0,75.0
30088,GA,Stone Mountain Zip Market,2026-06-18,List B,DEAL RAID,2026-06,122.0,122.0
31763,GA,Leesburg Zip Market,2026-06-18,List B,DEAL RAID,2026-06,91.0,91.0
30034,GA,Decatur Zip Market,2026-06-18,List B,DEAL RAID,2026-06,231.0,231.0
30039,GA,Snellville Zip Market,2026-06-18,List B,DEAL RAID,2026-06,161.0,161.0
31525,GA,Brunswick Zip Market,2026-06-18,List B,DEAL RAID,2026-06,140.0,140.0
30309,GA,Atlanta Zip Market,2026-06-18,List B,DEAL RAID,2026-06,289.0,289.0
30038,GA,Lithonia Zip Market,2026-06-18,List B,DEAL RAID,2026-06,167.0,167.0
30040,GA,Cumming Zip Market,2026-06-18,List B,DEAL RAID,2026-06,373.0,373.0
30141,GA,Hiram Zip Market,2026-06-18,List B,DEAL RAID,2026-06,85.0,85.0
31326,GA,Rincon Zip Market,2026-06-18,List B,DEAL RAID,2026-06,123.0,123.0
30062,GA,Marietta Zip Market,2026-06-18,List B,DEAL RAID,2026-06,176.0,176.0
30024,GA,Suwanee Zip Market,2026-06-18,List B,DEAL RAID,2026-06,321.0,321.0
30606,GA,Athens Zip Market,2026-06-18,List B,DEAL RAID,2026-06,234.0,234.0
30265,GA,Newnan Zip Market,2026-06-18,List B,DEAL RAID,2026-06,172.0,172.0
30115,GA,Canton Zip Market,2026-06-18,List B,DEAL RAID,2026-06,302.0,302.0
30096,GA,Duluth Zip Market,2026-06-18,List B,DEAL RAID,2026-06,153.0,153.0
30324,GA,Atlanta Zip Market,2026-06-18,List B,DEAL RAID,2026-06,199.0,199.0
31093,GA,Warner Robins Zip Market,2026-06-18,List B,DEAL RAID,2026-06,70.0,70.0
31322,GA,Pooler Zip Market,2026-06-18,List B,DEAL RAID,2026-06,245.0,245.0
30106,GA,Austell Zip Market,2026-06-18,List B,DEAL RAID,2026-06,73.0,73.0
30093,GA,Norcross Zip Market,2026-06-18,List B,DEAL RAID,2026-06,89.0,89.0
30310,GA,Atlanta Zip Market,2026-06-18,List B,DEAL RAID,2026-06,263.0,263.0
30311,GA,Atlanta Zip Market,2026-06-18,List B,DEAL RAID,2026-06,161.0,161.0
31406,GA,Savannah Zip Market,2026-06-18,List B,DEAL RAID,2026-06,109.0,109.0
30344,GA,Atlanta Zip Market,2026-06-18,List B,DEAL RAID,2026-06,174.0,174.0
30033,GA,Decatur Zip Market,2026-06-18,List B,DEAL RAID,2026-06,133.0,133.0
30075,GA,Roswell Zip Market,2026-06-18,List B,DEAL RAID,2026-06,213.0,213.0
31602,GA,Valdosta Zip Market,2026-06-18,List B,DEAL RAID,2026-06,116.0,116.0
30117,GA,Carrollton Zip Market,2026-06-18,List B,DEAL RAID,2026-06,125.0,125.0
30296,GA,Riverdale Zip Market,2026-06-18,List B,DEAL RAID,2026-06,75.0,75.0
30350,GA,Atlanta Zip Market,2026-06-18,List B,DEAL RAID,2026-06,102.0,102.0
30548,GA,Hoschton Zip Market,2026-06-18,List B,DEAL RAID,2026-06,301.0,301.0
31216,GA,Macon Zip Market,2026-06-18,List B,DEAL RAID,2026-06,79.0,79.0
30153,GA,Rockmart Zip Market,2026-06-18,List B,DEAL RAID,2026-06,87.0,87.0
30087,GA,Stone Mountain Zip Market,2026-06-18,List B,DEAL RAID,2026-06,133.0,133.0
30904,GA,Augusta Zip Market,2026-06-18,List B,DEAL RAID,2026-06,130.0,130.0
31404,GA,Savannah Zip Market,2026-06-18,List B,DEAL RAID,2026-06,157.0,157.0
30161,GA,Rome Zip Market,2026-06-18,List B,DEAL RAID,2026-06,198.0,198.0
30214,GA,Fayetteville Zip Market,2026-06-18,List B,DEAL RAID,2026-06,232.0,232.0
30720,GA,Dalton Zip Market,2026-06-18,List B,DEAL RAID,2026-06,90.0,90.0
30012,GA,Conyers Zip Market,2026-06-18,List B,DEAL RAID,2026-06,151.0,151.0
30517,GA,Braselton Zip Market,2026-06-18,List B,DEAL RAID,2026-06,132.0,132.0
30540,GA,Ellijay Zip Market,2026-06-18,List B,DEAL RAID,2026-06,352.0,352.0
30305,GA,Atlanta Zip Market,2026-06-18,List B,DEAL RAID,2026-06,321.0,321.0
30655,GA,Monroe Zip Market,2026-06-18,List B,DEAL RAID,2026-06,157.0,157.0
30528,GA,Cleveland Zip Market,2026-06-18,List B,DEAL RAID,2026-06,235.0,235.0
30308,GA,Atlanta Zip Market,2026-06-18,List B,DEAL RAID,2026-06,227.0,227.0
30240,GA,Lagrange Zip Market,2026-06-18,List B,DEAL RAID,2026-06,108.0,108.0
31906,GA,Columbus Zip Market,2026-06-18,List B,DEAL RAID,2026-06,65.0,65.0
30269,GA,Peachtree City Zip Market,2026-06-18,List B,DEAL RAID,2026-06,175.0,175.0
30260,GA,Morrow Zip Market,2026-06-18,List B,DEAL RAID,2026-06,84.0,84.0
30643,GA,Hartwell Zip Market,2026-06-18,List B,DEAL RAID,2026-06,133.0,133.0
30116,GA,Carrollton Zip Market,2026-06-18,List B,DEAL RAID,2026-06,96.0,96.0
31301,GA,Allenhurst Zip Market,2026-06-18,List B,DEAL RAID,2026-06,49.0,49.0
31721,GA,Albany Zip Market,2026-06-18,List B,DEAL RAID,2026-06,66.0,66.0
30005,GA,Alpharetta Zip Market,2026-06-18,List B,DEAL RAID,2026-06,96.0,96.0
30121,GA,Cartersville Zip Market,2026-06-18,List B,DEAL RAID,2026-06,106.0,106.0
30277,GA,Sharpsburg Zip Market,2026-06-18,List B,DEAL RAID,2026-06,87.0,87.0
30533,GA,Dahlonega Zip Market,2026-06-18,List B,DEAL RAID,2026-06,147.0,147.0
31410,GA,Savannah Zip Market,2026-06-18,List B,DEAL RAID,2026-06,132.0,132.0
31308,GA,Ellabell Zip Market,2026-06-18,List B,DEAL RAID,2026-06,42.0,42.0
30143,GA,Jasper Zip Market,2026-06-18,List B,DEAL RAID,2026-06,291.0,291.0
30097,GA,Duluth Zip Market,2026-06-18,List B,DEAL RAID,2026-06,161.0,161.0
31808,GA,Fortson Zip Market,2026-06-18,List B,DEAL RAID,2026-06,41.0,41.0
31021,GA,Dublin Zip Market,2026-06-18,List B,DEAL RAID,2026-06,105.0,105.0
48180,MI,Taylor Zip Market,2026-06-18,List B,DEAL RAID,2026-06,79.0,79.0
48066,MI,Roseville Zip Market,2026-06-18,List B,DEAL RAID,2026-06,72.0,72.0
48439,MI,Grand Blanc Zip Market,2026-06-18,List B,DEAL RAID,2026-06,102.0,102.0
48021,MI,Eastpointe Zip Market,2026-06-18,List B,DEAL RAID,2026-06,91.0,91.0
48224,MI,Detroit Zip Market,2026-06-18,List B,DEAL RAID,2026-06,268.0,268.0
48080,MI,Saint Clair Shores Zip Market,2026-06-18,List B,DEAL RAID,2026-06,69.0,69.0
48220,MI,Ferndale Zip Market,2026-06-18,List B,DEAL RAID,2026-06,70.0,70.0
48239,MI,Redford Zip Market,2026-06-18,List B,DEAL RAID,2026-06,63.0,63.0
49120,MI,Niles Zip Market,2026-06-18,List B,DEAL RAID,2026-06,59.0,59.0
49444,MI,Muskegon Zip Market,2026-06-18,List B,DEAL RAID,2026-06,70.0,70.0
48507,MI,Flint Zip Market,2026-06-18,List B,DEAL RAID,2026-06,65.0,65.0
49507,MI,Grand Rapids Zip Market,2026-06-18,List B,DEAL RAID,2026-06,47.0,47.0
48197,MI,Ypsilanti Zip Market,2026-06-18,List B,DEAL RAID,2026-06,67.0,67.0
48091,MI,Warren Zip Market,2026-06-18,List B,DEAL RAID,2026-06,82.0,82.0
48708,MI,Bay City Zip Market,2026-06-18,List B,DEAL RAID,2026-06,58.0,58.0
49201,MI,Jackson Zip Market,2026-06-18,List B,DEAL RAID,2026-06,108.0,108.0
48071,MI,Madison Heights Zip Market,2026-06-18,List B,DEAL RAID,2026-06,48.0,48.0
48640,MI,Midland Zip Market,2026-06-18,List B,DEAL RAID,2026-06,47.0,47.0
48124,MI,Dearborn Zip Market,2026-06-18,List B,DEAL RAID,2026-06,59.0,59.0
49221,MI,Adrian Zip Market,2026-06-18,List B,DEAL RAID,2026-06,51.0,51.0
48433,MI,Flushing Zip Market,2026-06-18,List B,DEAL RAID,2026-06,39.0,39.0
48188,MI,Canton Zip Market,2026-06-18,List B,DEAL RAID,2026-06,64.0,64.0
49015,MI,Battle Creek Zip Market,2026-06-18,List B,DEAL RAID,2026-06,43.0,43.0
48141,MI,Inkster Zip Market,2026-06-18,List B,DEAL RAID,2026-06,51.0,51.0
48081,MI,Saint Clair Shores Zip Market,2026-06-18,List B,DEAL RAID,2026-06,44.0,44.0
48030,MI,Hazel Park Zip Market,2026-06-18,List B,DEAL RAID,2026-06,52.0,52.0
48843,MI,Howell Zip Market,2026-06-18,List B,DEAL RAID,2026-06,97.0,97.0
48082,MI,Saint Clair Shores Zip Market,2026-06-18,List B,DEAL RAID,2026-06,48.0,48.0
48185,MI,Westland Zip Market,2026-06-18,List B,DEAL RAID,2026-06,39.0,39.0
48127,MI,Dearborn Heights Zip Market,2026-06-18,List B,DEAL RAID,2026-06,58.0,58.0
48911,MI,Lansing Zip Market,2026-06-18,List B,DEAL RAID,2026-06,36.0,36.0
48917,MI,Lansing Zip Market,2026-06-18,List B,DEAL RAID,2026-06,34.0,34.0
48225,MI,Harper Woods Zip Market,2026-06-18,List B,DEAL RAID,2026-06,76.0,76.0
48390,MI,Walled Lake Zip Market,2026-06-18,List B,DEAL RAID,2026-06,61.0,61.0
48125,MI,Dearborn Heights Zip Market,2026-06-18,List B,DEAL RAID,2026-06,46.0,46.0
48092,MI,Warren Zip Market,2026-06-18,List B,DEAL RAID,2026-06,33.0,33.0
48602,MI,Saginaw Zip Market,2026-06-18,List B,DEAL RAID,2026-06,125.0,125.0
48088,MI,Warren Zip Market,2026-06-18,List B,DEAL RAID,2026-06,35.0,35.0
49735,MI,Gaylord Zip Market,2026-06-18,List B,DEAL RAID,2026-06,61.0,61.0
48150,MI,Livonia Zip Market,2026-06-18,List B,DEAL RAID,2026-06,31.0,31.0
48187,MI,Canton Zip Market,2026-06-18,List B,DEAL RAID,2026-06,54.0,54.0
48205,MI,Detroit Zip Market,2026-06-18,List B,DEAL RAID,2026-06,206.0,206.0
48195,MI,Southgate Zip Market,2026-06-18,List B,DEAL RAID,2026-06,28.0,28.0
49014,MI,Battle Creek Zip Market,2026-06-18,List B,DEAL RAID,2026-06,31.0,31.0
48240,MI,Redford Zip Market,2026-06-18,List B,DEAL RAID,2026-06,36.0,36.0
48603,MI,Saginaw Zip Market,2026-06-18,List B,DEAL RAID,2026-06,38.0,38.0
49091,MI,Sturgis Zip Market,2026-06-18,List B,DEAL RAID,2026-06,31.0,31.0
49010,MI,Allegan Zip Market,2026-06-18,List B,DEAL RAID,2026-06,46.0,46.0
48322,MI,West Bloomfield Zip Market,2026-06-18,List B,DEAL RAID,2026-06,70.0,70.0
48458,MI,Mount Morris Zip Market,2026-06-18,List B,DEAL RAID,2026-06,42.0,42.0
48178,MI,South Lyon Zip Market,2026-06-18,List B,DEAL RAID,2026-06,113.0,113.0
48310,MI,Sterling Heights Zip Market,2026-06-18,List B,DEAL RAID,2026-06,55.0,55.0
48214,MI,Detroit Zip Market,2026-06-18,List B,DEAL RAID,2026-06,111.0,111.0
49006,MI,Kalamazoo Zip Market,2026-06-18,List B,DEAL RAID,2026-06,30.0,30.0
48473,MI,Swartz Creek Zip Market,2026-06-18,List B,DEAL RAID,2026-06,28.0,28.0
49008,MI,Kalamazoo Zip Market,2026-06-18,List B,DEAL RAID,2026-06,34.0,34.0
49001,MI,Kalamazoo Zip Market,2026-06-18,List B,DEAL RAID,2026-06,29.0,29.0
49505,MI,Grand Rapids Zip Market,2026-06-18,List B,DEAL RAID,2026-06,31.0,31.0
49548,MI,Grand Rapids Zip Market,2026-06-18,List B,DEAL RAID,2026-06,27.0,27.0
48624,MI,Gladwin Zip Market,2026-06-18,List B,DEAL RAID,2026-06,62.0,62.0
48317,MI,Utica Zip Market,2026-06-18,List B,DEAL RAID,2026-06,35.0,35.0
49601,MI,Cadillac Zip Market,2026-06-18,List B,DEAL RAID,2026-06,56.0,56.0
48912,MI,Lansing Zip Market,2026-06-18,List B,DEAL RAID,2026-06,39.0,39.0
48212,MI,Hamtramck Zip Market,2026-06-18,List B,DEAL RAID,2026-06,45.0,45.0
49037,MI,Battle Creek Zip Market,2026-06-18,List B,DEAL RAID,2026-06,33.0,33.0
48075,MI,Southfield Zip Market,2026-06-18,List B,DEAL RAID,2026-06,46.0,46.0
49202,MI,Jackson Zip Market,2026-06-18,List B,DEAL RAID,2026-06,34.0,34.0
48040,MI,Marysville Zip Market,2026-06-18,List B,DEAL RAID,2026-06,23.0,23.0
49009,MI,Kalamazoo Zip Market,2026-06-18,List B,DEAL RAID,2026-06,80.0,80.0
49417,MI,Grand Haven Zip Market,2026-06-18,List B,DEAL RAID,2026-06,80.0,80.0
48420,MI,Clio Zip Market,2026-06-18,List B,DEAL RAID,2026-06,28.0,28.0
48327,MI,Waterford Zip Market,2026-06-18,List B,DEAL RAID,2026-06,25.0,25.0
48642,MI,Midland Zip Market,2026-06-18,List B,DEAL RAID,2026-06,45.0,45.0
48026,MI,Fraser Zip Market,2026-06-18,List B,DEAL RAID,2026-06,24.0,24.0
48601,MI,Saginaw Zip Market,2026-06-18,List B,DEAL RAID,2026-06,71.0,71.0
49508,MI,Grand Rapids Zip Market,2026-06-18,List B,DEAL RAID,2026-06,29.0,29.0
48182,MI,Temperance Zip Market,2026-06-18,List B,DEAL RAID,2026-06,29.0,29.0
48509,MI,Burton Zip Market,2026-06-18,List B,DEAL RAID,2026-06,22.0,22.0
48430,MI,Fenton Zip Market,2026-06-18,List B,DEAL RAID,2026-06,89.0,89.0
49085,MI,Saint Joseph Zip Market,2026-06-18,List B,DEAL RAID,2026-06,73.0,73.0
48036,MI,Clinton Township Zip Market,2026-06-18,List B,DEAL RAID,2026-06,41.0,41.0
48915,MI,Lansing Zip Market,2026-06-18,List B,DEAL RAID,2026-06,37.0,37.0
48042,MI,Macomb Zip Market,2026-06-18,List B,DEAL RAID,2026-06,116.0,116.0
48223,MI,Detroit Zip Market,2026-06-18,List B,DEAL RAID,2026-06,75.0,75.0
48126,MI,Dearborn Zip Market,2026-06-18,List B,DEAL RAID,2026-06,31.0,31.0
49445,MI,Muskegon Zip Market,2026-06-18,List B,DEAL RAID,2026-06,36.0,36.0
48506,MI,Flint Zip Market,2026-06-18,List B,DEAL RAID,2026-06,60.0,60.0
48326,MI,Auburn Hills Zip Market,2026-06-18,List B,DEAL RAID,2026-06,31.0,31.0
48334,MI,Farmington Zip Market,2026-06-18,List B,DEAL RAID,2026-06,35.0,35.0
48104,MI,Ann Arbor Zip Market,2026-06-18,List B,DEAL RAID,2026-06,84.0,84.0
49316,MI,Caledonia Zip Market,2026-06-18,List B,DEAL RAID,2026-06,74.0,74.0
48837,MI,Grand Ledge Zip Market,2026-06-18,List B,DEAL RAID,2026-06,30.0,30.0
49224,MI,Albion Zip Market,2026-06-18,List B,DEAL RAID,2026-06,31.0,31.0
48072,MI,Berkley Zip Market,2026-06-18,List B,DEAL RAID,2026-06,26.0,26.0
48218,MI,River Rouge Zip Market,2026-06-18,List B,DEAL RAID,2026-06,28.0,28.0
49849,MI,Ishpeming Zip Market,2026-06-18,List B,DEAL RAID,2026-06,18.0,18.0
48184,MI,Wayne Zip Market,2026-06-18,List B,DEAL RAID,2026-06,13.0,13.0
48346,MI,Clarkston Zip Market,2026-06-18,List B,DEAL RAID,2026-06,37.0,37.0
48051,MI,New Baltimore Zip Market,2026-06-18,List B,DEAL RAID,2026-06,39.0,39.0
49659,MI,Mancelona Zip Market,2026-06-18,List B,DEAL RAID,2026-06,35.0,35.0
49093,MI,Three Rivers Zip Market,2026-06-18,List B,DEAL RAID,2026-06,44.0,44.0
48017,MI,Clawson Zip Market,2026-06-18,List B,DEAL RAID,2026-06,18.0,18.0
49286,MI,Tecumseh Zip Market,2026-06-18,List B,DEAL RAID,2026-06,12.0,12.0
48033,MI,Southfield Zip Market,2026-06-18,List B,DEAL RAID,2026-06,31.0,31.0
48529,MI,Burton Zip Market,2026-06-18,List B,DEAL RAID,2026-06,23.0,23.0
